Workbook

Sheet 1_Company_Info
A1: Stock Market Performance Analyzer — Company Reference
A2: Dataset Period: Jan 2, 2024 — Dec 31, 2024 | 5 Companies | 252 Trading Days
A4: Ticker | B4: Company Name | C4: Sector | D4: Start Price ($) | E4: End Price ($)
A5: AAPL | B5: Apple Inc. | C5: Technology | D5: 182.5 | E5: 264
A6: MSFT | B6: Microsoft Corp. | C6: Technology | D6: 374 | E6: 375.05
A7: JPM | B7: JPMorgan Chase | C7: Finance | D7: 195 | E7: 163.27
A8: JNJ | B8: Johnson & Johnson | C8: Healthcare | D8: 158 | E8: 132.58
A9: TSLA | B9: Tesla Inc. | C9: Automotive | D9: 245 | E9: 142.15

Sheet 2_Raw_Data
A1: Daily Stock Closing Prices — 2024 (USD)
A2: Date | B2: AAPL ($) | C2: MSFT ($) | D2: JPM ($) | E2: JNJ ($) | F2: TSLA ($) | G2: Market Avg ($)
A3: 45293 | B3: 182.5 | C3: 374 | D3: 195 | E3: 158 | F3: 245 | G3: =AVERAGE(B3:F3) -> 230.9
A4: 45294 | B4: 182.21 | C4: 381.54 | D4: 192.29 | E4: 159.12 | F4: 240.71 | G4: =AVERAGE(B4:F4) -> 231.174
A5: 45295 | B5: 181.86 | C5: 386.59 | D5: 194.49 | E5: 161.49 | F5: 246.05 | G5: =AVERAGE(B5:F5) -> 234.096
A6: 45296 | B6: 181.65 | C6: 389.16 | D6: 198.4 | E6: 161.36 | F6: 247.42 | G6: =AVERAGE(B6:F6) -> 235.598
A7: 45299 | B7: 183.36 | C7: 406.12 | D7: 199.13 | E7: 159.8 | F7: 250.78 | G7: =AVERAGE(B7:F7) -> 239.838
A8: 45300 | B8: 183.11 | C8: 406.07 | D8: 201.23 | E8: 159.41 | F8: 255.32 | G8: =AVERAGE(B8:F8) -> 241.028
A9: 45301 | B9: 179.6 | C9: 409.47 | D9: 203.65 | E9: 160.04 | F9: 248.97 | G9: =AVERAGE(B9:F9) -> 240.346
A10: 45302 | B10: 180.43 | C10: 411.23 | D10: 206.36 | E10: 161.49 | F10: 243.84 | G10: =AVERAGE(B10:F10) -> 240.67
A11: 45303 | B11: 179.86 | C11: 410.17 | D11: 207.3 | E11: 161.63 | F11: 235.56 | G11: =AVERAGE(B11:F11) -> 238.904
A12: 45306 | B12: 179.41 | C12: 422.64 | D12: 207.98 | E12: 159.42 | F12: 234.51 | G12: =AVERAGE(B12:F12) -> 240.792
A13: 45307 | B13: 179.73 | C13: 431.04 | D13: 210.56 | E13: 159.54 | F13: 233.8 | G13: =AVERAGE(B13:F13) -> 242.934
A14: 45308 | B14: 180.33 | C14: 423.33 | D14: 210.83 | E14: 158.51 | F14: 234.99 | G14: =AVERAGE(B14:F14) -> 241.598
... A254: 45644 | B254: 264 | C254: 375.05 | D254: 163.27 | E254: 132.58 | F254: 142.15 | G254: =AVERAGE(B254:F254) -> 215.41

Sheet 3_Analysis_YOU_DO
A1: 📊 Analysis Sheet — Fill in the yellow cells using formulas!
A3: SECTION 1: Basic Statistics
A4: Average Price — AAPL | B4: =AVERAGE('2_Raw_Data'!B3:B254) -> 218.32889
A5: Average Price — MSFT | B5: =AVERAGE('2_Raw_Data'!C3:C254) -> 405.28548
A6: Highest Price — TSLA | B6: =MAX('2_Raw_Data'!F3:F254) -> 343.36
A7: Lowest Price — JNJ | B7: =MIN('2_Raw_Data'!E3:E254) -> 123.47
A8: Total Trading Days | B8: =COUNT('2_Raw_Data'!A3:A254) -> 252
A10: SECTION 2: Performance Analysis
A11: AAPL Return % | B11: =('2_Raw_Data'!B254-'2_Raw_Data'!B3)/'2_Raw_Data'!B3 -> 0.44657534
A12: MSFT Return % | B12: =('2_Raw_Data'!C254-'2_Raw_Data'!C3)/'2_Raw_Data'!C3 -> 0.0028074866
A13: JPM Return % | B13: =('2_Raw_Data'!D254-'2_Raw_Data'!D3)/'2_Raw_Data'!D3 -> -0.16271795
A14: JNJ Return % | B14: =('2_Raw_Data'!E254-'2_Raw_Data'!E3)/'2_Raw_Data'!E3 -> -0.16088608
A15: TSLA Return % | B15: =('2_Raw_Data'!F254-'2_Raw_Data'!F3)/'2_Raw_Data'!F3 -> -0.41979592
A17: SECTION 3: VLOOKUP — Stock Finder
A18: Enter Ticker → | B18: JNJ
A19: Company Name | B19: =VLOOKUP(B18,'1_Company_Info'!A4:E9,2,FALSE) -> Johnson & Johnson
A20: Sector | B20: =VLOOKUP(B18,'1_Company_Info'!A4:E9,3,FALSE) -> Healthcare
A21: Start Price | B21: =VLOOKUP(B18,'1_Company_Info'!A4:E9,4,FALSE) -> 158
A22: End Price | B22: =VLOOKUP(B18,'1_Company_Info'!A4:E9,5,FALSE) -> 132.58
A24: SECTION 4: Risk Analysis
A25: AAPL Volatility (StdDev) | B25: =STDEV('2_Raw_Data'!B3:B254) -> 33.987383
A26: MSFT Volatility (StdDev) | B26: =STDEV('2_Raw_Data'!C3:C254) -> 18.275737
A27: JPM Volatility (StdDev) | B27: =STDEV('2_Raw_Data'!D3:D254) -> 17.428652
A28: JNJ Volatility (StdDev) | B28: =STDEV('2_Raw_Data'!E3:E254) -> 12.058422
A29: TSLA Volatility (StdDev) | B29: =STDEV('2_Raw_Data'!F3:F254) -> 59.781223
B30: 12

Sheet ANSWER_KEY
A1: 🔑 Answer Key — Check your work here!
A3: SECTION 1: Basic Statistics
A4: Average Price — AAPL | B4: B4 | C4: =AVERAGE('2_Raw_Data'!B3:B254) -> 218.32889
A5: Average Price — MSFT | B5: B5 | C5: =AVERAGE('2_Raw_Data'!C3:C254) -> 405.28548
A6: Highest Price — TSLA | B6: B6 | C6: =MAX('2_Raw_Data'!F3:F254) -> 343.36
A7: Lowest Price — JNJ | B7: B7 | C7: =MIN('2_Raw_Data'!E3:E254) -> 123.47
A8: Total Trading Days | B8: B8 | C8: =COUNT('2_Raw_Data'!B3:B254) -> 252
A9: SECTION 2: Performance Analysis
A10: AAPL Return % | B10: B11 | C10: =('2_Raw_Data'!B254-'2_Raw_Data'!B3)/'2_Raw_Data'!B3 -> 0.44657534
A11: MSFT Return % | B11: B12 | C11: =('2_Raw_Data'!C254-'2_Raw_Data'!C3)/'2_Raw_Data'!C3 -> 0.0028074866
A12: JPM Return % | B12: B13 | C12: =('2_Raw_Data'!D254-'2_Raw_Data'!D3)/'2_Raw_Data'!D3 -> -0.16271795
A13: JNJ Return % | B13: B14 | C13: =('2_Raw_Data'!E254-'2_Raw_Data'!E3)/'2_Raw_Data'!E3 -> -0.16088608
A14: TSLA Return % | B14: B15 | C14: =('2_Raw_Data'!F254-'2_Raw_Data'!F3)/'2_Raw_Data'!F3 -> -0.41979592
A15: SECTION 3: VLOOKUP — Stock Finder
A16: Enter Ticker → | B16: B18 | C16: AAPL
A17: Company Name | B17: B19 | C17: =VLOOKUP(B18,'1_Company_Info'!A5:E9,2,FALSE) -> #N/A
A18: Sector | B18: B20 | C18: =VLOOKUP(B18,'1_Company_Info'!A5:E9,3,FALSE) -> #N/A
A19: Start Price | B19: B21 | C19: =VLOOKUP(B18,'1_Company_Info'!A5:E9,4,FALSE) -> #N/A
A20: End Price | B20: B22 | C20: =VLOOKUP(B18,'1_Company_Info'!A5:E9,5,FALSE) -> #N/A
A21: SECTION 4: Risk Analysis
A22: AAPL Volatility (StdDev) | B22: B25 | C22: =STDEV('2_Raw_Data'!B3:B254) -> 33.987383
A23: MSFT Volatility (StdDev) | B23: B26 | C23: =STDEV('2_Raw_Data'!C3:C254) -> 18.275737
A24: JPM Volatility (StdDev) | B24: B27 | C24: =STDEV('2_Raw_Data'!D3:D254) -> 17.428652
A25: JNJ Volatility (StdDev) | B25: B28 | C25: =STDEV('2_Raw_Data'!E3:E254) -> 12.058422
A26: TSLA Volatility (StdDev) | B26: B29 | C26: =STDEV('2_Raw_Data'!F3:F254) -> 59.781223
